<application>
  <component name="CodeInsightSettings">
    <option name="AUTO_POPUP_COMPLETION_LOOKUP" value="false" />
    <option name="HIGHLIGHT_BRACES" value="false" />
  </component>
  <component name="CodeVisionSettings">
    <option name="codeVisionGroupToPosition">
      <map>
        <entry key="inheritors" value="Default" />
        <entry key="references" value="Default" />
        <entry key="vcs.code.vision" value="Default" />
      </map>
    </option>
    <option name="defaultPosition" value="Top" />
    <option name="disabledCodeVisionProviderIds">
      <set>
        <option value="inheritors" />
        <option value="references" />
        <option value="vcs.code.vision" />
      </set>
    </option>
    <option name="enabled" value="false" />
  </component>
  <component name="DeclarativeInlayHintsSettings">
    <option name="enabledOptions">
      <map>
        <entry key="js.type.hints#function.returns" value="false" />
        <entry key="js.type.hints#non.paren.single.param" value="false" />
        <entry key="js.type.hints#parameters.in.parens" value="false" />
        <entry key="js.type.hints#variables.and.fields" value="false" />
        <entry key="sql.column.names.inlay.hints#sql.show.column.names.for.asterisk" value="true" />
        <entry key="sql.column.names.inlay.hints#sql.show.column.names.for.set.operations" value="true" />
        <entry key="sql.column.names.inlay.hints#sql.show.column.names.in.insert.values" value="true" />
        <entry key="sql.column.names.inlay.hints#sql.show.column.names.in.select" value="true" />
        <entry key="sql.join.cardinality.hints#full.join" value="false" />
        <entry key="sql.join.cardinality.hints#inner.join" value="false" />
        <entry key="sql.join.cardinality.hints#left.join" value="false" />
        <entry key="sql.join.cardinality.hints#right.join" value="false" />
        <entry key="ts.type.hints#function.returns" value="false" />
        <entry key="ts.type.hints#non.paren.single.param" value="false" />
        <entry key="ts.type.hints#parameters.in.parens" value="false" />
        <entry key="ts.type.hints#variables.and.fields" value="false" />
      </map>
    </option>
    <option name="providerIdToEnabled">
      <map>
        <entry key="js.chain.hints" value="false" />
        <entry key="js.type.hints" value="false" />
        <entry key="qodana.yaml.inspection.descriptions" value="false" />
        <entry key="sql.column.names.inlay.hints" value="true" />
        <entry key="sql.join.cardinality.hints" value="false" />
        <entry key="ts.chain.hints" value="false" />
        <entry key="ts.enum.hints" value="false" />
        <entry key="ts.type.hints" value="false" />
      </map>
    </option>
  </component>
  <component name="EditorSettings">
    <option name="IS_ENSURE_NEWLINE_AT_EOF" value="true" />
    <option name="REMOVE_TRAILING_BLANK_LINES" value="true" />
    <option name="SHOW_QUICK_DOC_ON_MOUSE_OVER_ELEMENT" value="false" />
    <option name="SHOW_INSPECTION_WIDGET" value="false" />
    <option name="SHOW_INTENTION_BULB" value="false" />
    <option name="IS_RIGHT_MARGIN_SHOWN" value="false" />
    <option name="IS_FOLDING_OUTLINE_SHOWN" value="false" />
    <option name="SHOW_BREADCRUMBS" value="false" />
    <option name="IS_INDENT_GUIDES_SHOWN" value="false" />
    <option name="KEEP_TRAILING_SPACE_ON_CARET_LINE" value="false" />
  </component>
  <component name="InlayHintsSettings">
    <option name="disabledHintProviderIds">
      <set>
        <option value="Dockerfile.docker.inlay.hints" />
        <option value="JSON.composer.package.version.hints" />
        <option value="Markdown.MarkdownTableInlayProviderSettingsKey" />
      </set>
    </option>
    <option name="lastViewedProviderKeyId" value="" />
  </component>
  <component name="InlineCompletionOnboarding">
    <option name="onboardingFinished" value="true" />
  </component>
  <component name="XmlEditorOptions">
    <option name="showCssInlineColorPreview" value="true" />
    <option name="tagTreeHighlightingEnabled" value="false" />
  </component>
</application>