<application>
  <component name="DimensionService">
    <location key="find.popup.0.0.3840.2160@240dpi" x="1120" y="0" />
    <size key="find.popup.0.0.3840.2160@240dpi" width="1908" height="2438" />
  </component>
  <component name="WindowManager">
    <frame x="-15" y="-15" width="3873" height="2073" extendedState="6" />
  </component>
  <component name="WindowStateApplicationService">
    <state x="550" y="128" key="FileChooserDialogImpl" timestamp="1733055008165">
      <screen x="0" y="0" width="1536" height="816" />
    </state>
    <state x="550" y="128" key="FileChooserDialogImpl/0.0.1536.816" timestamp="1733055008165" />
    <state width="669" height="135" key="ShowUsagesActions.dimensionServiceKey" timestamp="1733042847420">
      <screen x="0" y="0" width="1536" height="816" />
    </state>
    <state width="669" height="135" key="ShowUsagesActions.dimensionServiceKey/0.0.1536.816" timestamp="1733042847420" />
  </component>
</application>