<keymap version="1" name="Windows copy" parent="$default">
  <action id="Back">
    <keyboard-shortcut first-keystroke="ctrl alt left" />
    <mouse-shortcut keystroke="button4" />
    <keyboard-shortcut first-keystroke="shift ctrl t" />
  </action>
  <action id="CloseContent">
    <keyboard-shortcut first-keystroke="ctrl w" />
  </action>
  <action id="EditorSelectWord" />
  <action id="ExportSettings">
    <keyboard-shortcut first-keystroke="ctrl numpad9" />
  </action>
  <action id="GotoTest" />
  <action id="PhpGenerateConstructor">
    <keyboard-shortcut first-keystroke="ctrl numpad2" />
  </action>
  <action id="PhpNewClass">
    <keyboard-shortcut first-keystroke="ctrl numpad1" />
  </action>
  <action id="ServiceView.ShowServices" />
  <action id="SmartSelect" />
  <action id="TableResult.GrowSelection" />
  <action id="TableResult.SelectColumn" />
  <action id="Terminal.DeletePreviousWord" />
  <action id="Terminal.NewTab" />
  <action id="UsageFiltering.WriteAccess" />
</keymap>